Titre;Source;url;published date;description;Meta description;Contenu
"Le plan Vigipirate repasse au niveau ""urgence attentat"" aprÃ¨s l'attentat de Moscou : quelles sont les consÃ©quences";LaDepeche.fr;https://news.google.com/rss/articles/CBMingFodHRwczovL3d3dy5sYWRlcGVjaGUuZnIvMjAyNC8wMy8yNS9sZS1wbGFuLXZpZ2lwaXJhdGUtcmVwYXNzZS1hdS1uaXZlYXUtdXJnZW5jZS1hdHRlbnRhdC1hcHJlcy1sYXR0ZW50YXQtZGUtbW9zY291LXF1ZWxsZXMtc29udC1sZXMtY29uc2VxdWVuY2VzLTExODQ3OTUxLnBocNIBAA?oc=5&hl=en-US&gl=US&ceid=US:en;Mon, 25 Mar 2024 06:37:00 GMT;"Le plan Vigipirate repasse au niveau ""urgence attentat"" aprÃ¨s l'attentat de Moscou : quelles sont les consÃ©quences  LaDepeche.frAttaque de Moscou : les quatre assaillants prÃ©sumÃ©s placÃ©s en dÃ©tention provisoire pour Â« terrorisme Â»  Le ParisienAttentat de Moscou : comment Islam, 15 ans, a sauvÃ© plus de 100 personnes en les guidant vers la sortie  Le FigaroRÃ©veil Courrier du 25 mars 2024  Courrier internationalAttentat Ã  Moscou : ""Ils ont Ã©tÃ© torturÃ©sâ€¦"" Qui sont les quatre assaillants inculpÃ©s pour terrorisme et placÃ©s en dÃ©tention provisoire ?  LaDepeche.fr";Ã€ lâ€™issue dâ€™un conseil de dÃ©fense et de sÃ©curitÃ©, le gouvernement a dÃ©cidÃ© de rehausser le plan Vigipirate au niveau;"l'essentiel Ã€ lâ€™issue dâ€™un conseil de dÃ©fense et de sÃ©curitÃ©, le gouvernement a dÃ©cidÃ© de rehausser le plan Vigipirate au niveau ""urgence attentat"", en raison de lâ€™attentat revendiquÃ© par lâ€™Ã‰tat islamique Ã  Moscou. Ã‡a veut dire quoi concrÃ¨tement ?

Le plan Vigipirate Ã  son plus haut niveau. Le gouvernement a annoncÃ© dimanche soir le retour du niveau ""urgence attentat"" du plan Vigipirate, en raison de lâ€™attentat de Moscou vendredi soir, revendiquÃ© par lâ€™Ã‰tat islamique. La dÃ©cision a Ã©tÃ© prise Ã  lâ€™issue dâ€™un conseil de sÃ©curitÃ© et de dÃ©fense.

Pourquoi le plan Vigipirate est rehaussÃ© ?

""La revendication de lâ€™attentat de Moscou provient de lâ€™Ã‰tat islamique au Khorassan. Or, cette organisation menace la France et a Ã©tÃ© impliquÃ©e dans plusieurs projets dâ€™attentats rÃ©cents dÃ©jouÃ©s dans plusieurs pays dâ€™Europe, dont lâ€™Allemagne et la France"", indique Matignon. Il existe trois niveaux : vigilance, sÃ©curitÃ© renforcÃ©e â€“ risque dâ€™attentat et urgence â€“ attentat.

A lire aussi : Attentat Ã  Moscou : 4 choses Ã  savoir sur lâ€™Ã‰tat islamique au Khorasan, le groupe de djihadistes qui a revendiquÃ© lâ€™attaque en Russie

Quelles sont les consÃ©quences du niveau ""urgence attentat"" ?

Le niveau urgence-attentat permet la mobilisation exceptionnelle de moyens de sÃ©curitÃ© : gendarmes, policiers, militaires. Des mesures contraignantes peuvent Ãªtre mises en place comme des fouilles aux entrÃ©es de bÃ¢timents. Un contrÃ´le visuel des sacs pourra Ãªtre effectuÃ© Ã  lâ€™entrÃ©e des Ã©tablissements scolaires. Certains lieux de culte peuvent faire lâ€™objet dâ€™une surveillance renforcÃ©e, en particulier Ã  l'approche de PÃ¢ques. Ce niveau maximal avait Ã©tÃ© crÃ©Ã© en 2016 sous la prÃ©sidence de FranÃ§ois Hollande.

Quand le niveau urgence â€“ attentat a-t-il Ã©tÃ© activÃ© la derniÃ¨re fois ?

La derniÃ¨re fois que le plan Vigipirate Ã©tait passÃ© au niveau urgence â€“ attentat, câ€™Ã©tait le 13 octobre 2023, aprÃ¨s le meurtre du professeur Dominique Bernard Ã  Arras, tuÃ© par un fichÃ© S radicalisÃ©. Le niveau avait Ã©tÃ© rÃ©trogradÃ© au niveau 2 en janvier 2024.

Quand le niveau ""urgence-attentat"" entre-t-il en vigueur ?

Lâ€™entrÃ©e en vigueur est immÃ©diate. Le SecrÃ©taire gÃ©nÃ©ral de la dÃ©fense et de la sÃ©curitÃ© nationale devait convoquer lâ€™ensemble des services de sÃ©curitÃ© ce lundi matin en dÃ©but de journÃ©e.

Combien de temps le niveau urgence-attentat va-t-il rester en vigueur ?

Par dÃ©finition, aucune durÃ©e nâ€™a Ã©tÃ© annoncÃ©e. Ã€ quatre mois des Jeux Olympiques dâ€™Ã©tÃ© de Paris-2024, du 26 juillet au 11 aoÃ»t, le niveau urgence-attentat devrait Ãªtre maintenu. Le niveau urgence-attentat est mis en place pour une durÃ©e limitÃ©e."
Lutte contre les maltraitances : le gouvernement veut contrÃ´ler tous les Ã©tablissements mÃ©dico-sociaux accueillant des personnes handicapÃ©es;Le Monde;https://news.google.com/rss/articles/CBMiqAFodHRwczovL3d3dy5sZW1vbmRlLmZyL3NvY2lldGUvYXJ0aWNsZS8yMDI0LzAzLzI1L2x1dHRlLWNvbnRyZS1sZXMtbWFsdHJhaXRhbmNlcy1sZS1nb3V2ZXJuZW1lbnQtdmV1dC1jb250cm9sZXItdG91cy1sZXMtZXRhYmxpc3NlbWVudHMtbWVkaWNvLXNvY2lhdXhfNjIyNDA0MV8zMjI0Lmh0bWzSAQA?oc=5&hl=en-US&gl=US&ceid=US:en;Mon, 25 Mar 2024 06:26:48 GMT;"Lutte contre les maltraitances : le gouvernement veut contrÃ´ler tous les Ã©tablissements mÃ©dico-sociaux accueillant des personnes handicapÃ©es  Le MondeZone interdite - ""J'ai tellement de haine"", ""C'est monstrueux"", ""On laisse crever nos enfants handicapÃ©s"" : l'ensemble des internautes en colÃ¨re devant un reportage sur la prise en charge des personnes handi  Yahoo ActualitÃ©sAprÃ¨s un reportage de M6, le gouvernement annonce vouloir contrÃ´ler tous les Ã©tablissements accueillant des personnes handicapÃ©es  Le FigaroINFO FRANCEINFO. Comment le gouvernement veut lutter contre les maltraitances envers les adultes vulnÃ©rables, deux ans aprÃ¨s le scandale dans les Ehpad  franceinfoPersonnes handicapÃ©es maltraitÃ©es : Â« Ce phÃ©nomÃ¨ne existe Â», le gouvernement veut contrÃ´ler les Ã©tablissements franÃ§ais  Le Parisien";Â«Â Les inspecteurs seront chargÃ©s de vÃ©rifier que les droits fondamentaux des enfants et des adultes handicapÃ©s sont respectÃ©sÂ Â», dÃ©clare le ministÃ¨re. Cette stratÃ©gie fait suite aux travaux des Etats gÃ©nÃ©raux des maltraitances.;"La ministre dÃ©lÃ©guÃ©e chargÃ©e des personnes Ã¢gÃ©es et des personnes handicapÃ©es, Fadila Khattabi, prononce un discours lors dâ€™une sÃ©ance de questions au gouvernement Ã  lâ€™AssemblÃ©e nationale, Ã  Paris, le 19 mars 2024. ALAIN JOCARD / AFP

Tous les Ã©tablissements sociaux et mÃ©dico-sociaux accueillant des personnes handicapÃ©es en France seront contrÃ´lÃ©s Ã  partir de 2025, a annoncÃ© lundi 25 mars le gouvernement, dans le cadre dâ€™une stratÃ©gie nationale de lutte contre les maltraitances visant les personnes handicapÃ©es ou Ã¢gÃ©es.

Â« Cette stratÃ©gie prÃ©voit de contrÃ´ler tous les Ã©tablissements mÃ©dico-sociaux hÃ©bergeant des enfants et des adultes handicapÃ©s dâ€™ici Ã  2030. Les inspecteurs seront chargÃ©s de vÃ©rifier que leurs droits fondamentaux sont respectÃ©s. Une attention toute particuliÃ¨re sera donnÃ©e Ã  la lutte contre les maltraitances Â», affirme Ã  lâ€™Agence France-Presse le ministÃ¨re dÃ©lÃ©guÃ© chargÃ© des personnes Ã¢gÃ©es et des personnes handicapÃ©es.

Â« Cela se fera bien sÃ»r sur plusieurs annÃ©es, mais dÃ¨s quâ€™il y a des signalements, lâ€™agence rÃ©gionale de santÃ© se rend immÃ©diatement Â» sur place, a affirmÃ© lundi sur Franceinfo Fadila Khattabi, la ministre dÃ©lÃ©guÃ©e.

Au total, 9 200 Ã©tablissements qui accueillent des personnes handicapÃ©es sont concernÃ©s, notamment les instituts mÃ©dico-Ã©ducatifs (IME), foyers dâ€™accueil mÃ©dicalisÃ©s, maisons dâ€™accueil spÃ©cialisÃ©es et Ã©tablissements et services dâ€™aide par le travail, prÃ©cise le ministÃ¨re.

Â« Il y aura des contrÃ´les dÃ©jÃ  annoncÃ©s mais surtout des contrÃ´les inopinÃ©s pour voir si les recommandations de la Haute AutoritÃ© de santÃ© sont bien appliquÃ©es et respectÃ©es, les conditions dâ€™hygiÃ¨ne, de sÃ©curitÃ©, etc. Â», a ajoutÃ© Mme Khattabi.

Cette stratÃ©gie fait suite aux travaux des Etats gÃ©nÃ©raux des maltraitances, qui ont rÃ©uni en 2023 associations, professionnels, administrations et familles concernÃ©es.

DÃ©faillances de lâ€™Etat dans le secteur du handicap

Elle est publiÃ©e au lendemain de la diffusion, dimanche soir sur M6, dâ€™une enquÃªte de Â« Zone interdite Â» sur les dÃ©faillances de lâ€™Etat dans le secteur du handicap. Lâ€™Ã©mission montre notamment un IME dÃ©labrÃ©, qui refuse de laisser entrer des parents, alertÃ©s par un Ã©ducateur sur les conditions dÃ©plorables dâ€™hÃ©bergement de leurs enfants.

Cette enquÃªte donne aussi la parole Ã  des parents qui affirment avoir portÃ© plainte aprÃ¨s avoir constatÃ© des signes de maltraitance sur leur fils autiste majeur.

La ministre Fadila Khattabi a Ã©galement Â« demandÃ© Ã  ce que soit lancÃ©e une mission auprÃ¨s de lâ€™inspection gÃ©nÃ©rale des affaires sociales, dÃ¨s cet Ã©tÃ©, pour contrÃ´ler lâ€™accompagnement et lâ€™orientation des enfants handicapÃ©s en IME Â», en rÃ©action Ã  ce reportage, dÃ©clare le ministÃ¨re. Les conclusions en sont attendues pour la fin de lâ€™annÃ©e.

Lâ€™objectif, a expliquÃ© la ministre dÃ©lÃ©guÃ©e lundi matin, est Â« de voir si lâ€™orientation des enfants dans ces IME est pertinente, car il y a aussi des enfants qui pourraient intÃ©grer lâ€™Ã©cole de la RÃ©publique Â». InterrogÃ©e sur les accompagnants des Ã©lÃ¨ves en situation de handicap et sur un recrutement parfois dÃ©faillant, la ministre dÃ©lÃ©guÃ©e a dÃ©clarÃ© que leur nombre Â« a augmentÃ© depuis 2017 Â».

AprÃ¨s le scandale provoquÃ© par la parution du livre-enquÃªte Les Fossoyeurs, du journaliste Victor Castanet, qui avait rÃ©vÃ©lÃ© des maltraitances des rÃ©sidents dans des maisons de retraite du groupe privÃ© Orpea (aujourdâ€™hui Emeis), le gouvernement avait annoncÃ© que les 7 500 Ehpad en France, publics, privÃ©s et associatifs, seraient contrÃ´lÃ©s. La moitiÃ© lâ€™ont dÃ©jÃ  Ã©tÃ©, les autres le seront dâ€™ici Ã  la fin de lâ€™annÃ©e, selon le ministÃ¨re.

Lire aussi (2023) : Article rÃ©servÃ© Ã  nos abonnÃ©s Scandale Orpea : un an aprÃ¨s la sortie du livre Â« Les Fossoyeurs Â», un dÃ©luge de plaintes contre le gÃ©rant des maisons de retraite Ajouter Ã  vos sÃ©lections"
AprÃ¨s la Corse, l'autonomie invitÃ©e surprise du dÃ©placement de Macron en Guyane;Le HuffPost;https://news.google.com/rss/articles/CBMilQFodHRwczovL3d3dy5odWZmaW5ndG9ucG9zdC5mci9wb2xpdGlxdWUvYXJ0aWNsZS9lbW1hbnVlbC1tYWNyb24tc2UtcmVuZC1lbi1ndXlhbmUtZXQtYXByZXMtbGEtY29yc2UtbC1hdXRvbm9taWUtam91ZS1sZXMtaW52aXRlcy1zdXJwcmlzZV8yMzE1NjIuaHRtbNIBAA?oc=5&hl=en-US&gl=US&ceid=US:en;Mon, 25 Mar 2024 05:00:07 GMT;"AprÃ¨s la Corse, l'autonomie invitÃ©e surprise du dÃ©placement de Macron en Guyane  Le HuffPostGangs venus du BrÃ©sil, autonomie territoriale et ""rayonnement""... En Guyane, Emmanuel Macron veut faire oublier son dernier passage  franceinfoÃ€ Cayenne, les militaires de l'AGIGN perpÃ©tuent l'esprit de Blanka  MinistÃ¨re de l'IntÃ©rieur et des Outre-merInsÃ©curitÃ©, trafics, dÃ©senclavement... Que va faire Emmanuel Macron en Guyane ce lundi?  BFMTVMacron joue la carte de la transition Ã©cologique au BrÃ©sil  Les Ã‰chos";Lâ€™accord trouvÃ© entre le gouvernement et les Ã©lus corses ravive les vellÃ©itÃ©s de ceux qui rÃ©clament une Ã©volution du statut des territoires ultramarins.;"SAMEER AL-DOUMY / AFP SAMEER AL-DOUMY / AFP

POLITIQUE - Pourquoi eux et pas nous ? Câ€™est en substance Ã  cette question des Ã©lus guyanais que le prÃ©sident de la RÃ©publique Emmanuel Macron va devoir rÃ©pondre entre ce lundi 25 et mardi 26 mars, en marge de son dÃ©placement en Guyane. Car lâ€™accord trouvÃ© sur lâ€™autonomie de la Corse a jetÃ© de lâ€™huile sur le feu au sein de la collectivitÃ© oÃ¹ une Ã©volution institutionnelle est rÃ©clamÃ©e depuis plusieurs annÃ©es.

Mardi 27 fÃ©vrier, invitÃ© du journal du soir de Guyane La 1re, le prÃ©sident de la CollectivitÃ© Territoriale de Guyane (CTG) Gabriel Serville se dit Â« extrÃªmement en colÃ¨re Â». La raison : une dÃ©claration de GÃ©rald Darmanin dans laquelle le ministre de lâ€™IntÃ©rieur et des Outre-mer se montrait particuliÃ¨rement optimiste sur une possible rÃ©forme du statut de la Corse.

Lâ€™Ã©lu, membre du groupe GDR Ã  lâ€™AssemblÃ©e nationale avant son Ã©lection Ã  la tÃªte de la CTG, sâ€™agace de voir lâ€™avancÃ©e du dossier corse alors que depuis des Â« dÃ©cennies la classe politique, tous partis confondus, se bat pour que la Guyane bÃ©nÃ©ficie dâ€™un statut qui soit fait sur mesure Â». Dans les jours qui suivent, le ministre de lâ€™IntÃ©rieur annonce quâ€™un accord Â« vers lâ€™autonomie Â» a Ã©tÃ© trouvÃ© avec les Ã©lus de lâ€™Ã®le de BeautÃ©. Il ne manque dÃ©sormais plus que le feu vert de lâ€™AssemblÃ©e Corse avant le lancement par Emmanuel Macron dâ€™une rÃ©forme constitutionnelle. La Bretagne en a profitÃ© pour saisir la balle au bond. En Guyane, on dÃ©nonce un traitement diffÃ©renciÃ©.

Â« Deux poids deux mesures Â»

Â« Ce que la Corse demande, câ€™est exactement ce que la Guyane a demandÃ© : avoir une inscription dans la Constitution pour avoir un statut particulier Â», sâ€™insurge Davy Rimane, dÃ©putÃ© GDR et prÃ©sident de la dÃ©lÃ©gation Outre-mer de lâ€™AssemblÃ©e sur Guyane La 1re aprÃ¨s le dÃ®ner de travail fin fÃ©vrier entre lâ€™IntÃ©rieur et les reprÃ©sentants corses.

Les Ã©lus guyanais font valoir lâ€™unanimitÃ© de leurs positions ainsi que les trÃ¨s nombreuses discussions (fructueuses) sur ce thÃ¨me : 25 comitÃ© de pilotage, 3 CongrÃ¨s, une dizaine de rÃ©solutions adoptÃ©es Ã  lâ€™Ã©chelle localeâ€¦ Dans ce contexte, la nomination en janvier dernier par la prÃ©sidence de la RÃ©publique de deux experts chargÃ©s dâ€™Ã©tudier les pistes dâ€™Ã©volution statutaire pour lâ€™ensemble des territoires ultramarins passe mal, Â« alors que nous, Ã©lus guyanais, avons validÃ© un principe depuis des annÃ©es dÃ©jÃ  Â», fustige Davy Rimane.

Â« Des experts pour nous, mais pas dâ€™experts pour la Corse (...) il y a deux poids deux mesures sur un mÃªme sujet Â», estime-t-il. Le 5 mars, dans une interview accordÃ©e Ã  Corse Matin, Gabriel Serville renchÃ©rit : Â« Ce ne sont pas les dispositifs Ã©noncÃ©s Ã  lâ€™issue du dÃ®ner que jâ€™ai vÃ©cus comme une insulte, mais plutÃ´t lâ€™attitude du gouvernement dÃ¨s lors que cela fait trop longtemps que nous exprimons nos propres revendications. (...) Nous avons le sentiment que cette parole nâ€™est pas entendue. Â»

Menace de boycott de la visite faute de clarification

Le prÃ©sident de la CTG a donc durci le ton : fin fÃ©vrier, il a exigÃ© que le prÃ©sident de la RÃ©publique Â« annonce trÃ¨s clairement son intention Â» de faire pour la Guyane ce qui a Ã©tÃ© fait pour la Corse. La revendication a mÃªme Ã©tÃ© consignÃ©e par Ã©crit le 16 mars lors dâ€™une rÃ©union avec les parlementaires et lâ€™association des maires de Guyane. Faute de quoi, Â« je me rÃ©serve le droit de participer Ã  cette visite officielle Â» ajoute Gabriel Serville.

La menace a-t-elle Ã©tÃ© entendue au sommet ? Lâ€™Ã‰lysÃ©e assure que le sujet fait partie des Â« axes Â» du dÃ©placement prÃ©sidentiel et que Â« le PrÃ©sident aura Ã  cÅ“ur de prendre le temps et dâ€™Ã©changer sur ces questions avec les maires, avec les parlementaires et le prÃ©sident de la collectivitÃ© territoriale Â» notamment lors dâ€™un dÃ®ner Â« rÃ©publicain Â» le 25 au soir. Reste Ã  savoir si cet Ã©change sera suffisant pour satisfaire les Ã©lus. Car Ã  ce stade, la prÃ©sidence reste trÃ¨s prudente sur dâ€™hypothÃ©tiques annonces : Â« Aujourdâ€™hui le temps est Ã  la dÃ©finition du projet

avec la mission menÃ©e par les experts et avec les membres du Gouvernement Â», se borne-t-on Ã  rÃ©pondre.

Venue en Guyane une dizaine de jours en amont de la visite prÃ©sidentielle, la ministre dÃ©lÃ©guÃ©e aux Outre-Mer Marie GuÃ©venoux a tentÃ© de rassurer : Â« Il nâ€™y a pas de tabou sur ce sujet. Le prÃ©sident de la RÃ©publique lâ€™a dit en ces termes Â», a-t-elle dÃ©clarÃ© Ã  lâ€™AFPâ€¦ avant de renvoyer la balle aux Ã©lus locaux pour exprimer leurs souhaits sur le partage des compÃ©tences en cas dâ€™autonomie, ce quâ€™ils assurent eux avoir dÃ©jÃ  fait.

Lors dâ€™une confÃ©rence de presse, le dÃ©putÃ© indÃ©pendantiste Jean-Victor Castor (GDR) assÃ¨ne : Â« Si le prÃ©sident ne rÃ©pond pas sur lâ€™autonomie, son dÃ©placement nâ€™aura pas de portÃ©e Â». Ce dÃ©placement sera le premier dâ€™Emmanuel Macron dans les Outre-mer depuis sa rÃ©Ã©lection et lâ€™Ã‰lysÃ©e Ã©voque des annonces multiples sur la pÃªche, lâ€™orpaillage illÃ©gal, le spatialâ€¦ Ã€ condition que la question de lâ€™autonomie ne joue pas les trouble-fÃªtes.

Ã€ voir Ã©galement sur Le HuffPost :"
EN DIRECT;Guerre en Ukraine : plusieurs explosions entendues Ã  Kiev, un immeuble rÃ©sidentiel touchÃ©;https://news.google.com/rss/articles/CBMitAFodHRwczovL3d3dy50ZjFpbmZvLmZyL2ludGVybmF0aW9uYWwvZW4tZGlyZWN0LWd1ZXJyZS11a3JhaW5lLXJ1c3NpZS1wb3V0aW5lLXplbGVuc2t5LWF0dGFxdWUtY3JpbWVlLWxhLXNpdHVhdGlvbi1ldC1sZXMtZGVybmllcmVzLWluZm9zLWF1am91cmQtaHVpLWx1bmRpLTI1LW1hcnMtMjAyNC0yMjkwNTAyLmh0bWzSAbgBaHR0cHM6Ly93d3cudGYxaW5mby5mci9hbXAvaW50ZXJuYXRpb25hbC9lbi1kaXJlY3QtZ3VlcnJlLXVrcmFpbmUtcnVzc2llLXBvdXRpbmUtemVsZW5za3ktYXR0YXF1ZS1jcmltZWUtbGEtc2l0dWF0aW9uLWV0LWxlcy1kZXJuaWVyZXMtaW5mb3MtYXVqb3VyZC1odWktbHVuZGktMjUtbWFycy0yMDI0LTIyOTA1MDIuaHRtbA?oc=5&hl=en-US&gl=US&ceid=US:en;Mon, 25 Mar 2024 09:27:54 GMT;EN DIRECT - Guerre en Ukraine : plusieurs explosions entendues Ã  Kiev, un immeuble rÃ©sidentiel touchÃ©  TF1 INFOGuerre en Ukraine : TouchÃ© coulÃ© en CrimÃ©e et viol de l'espace aÃ©rien polonais  20 MinutesGuerre en Ukraine: plusieurs explosions entendues Ã  Kiev  BFMTVGuerre en Ukraine. Nouvelle attaque russe Ã  Odessa, Kharkiv dans la pÃ©nombreâ€¦ Le point de la nuit  Ouest-FranceGuerre en Ukraine : 11 blessÃ©s dans une attaque de drones, une centrale Ã©lectrique en feu en Russie  Le Figaro;"[VIDÃ‰O] â–¶ï¸ Au moins cinq explosions ont Ã©tÃ© entendues ce lundi matin dans la capitale ukrainienne aprÃ¨s le dÃ©clenchement d'une alerte aÃ©rienne faisant Ã©tat de ""missiles vers Kiev"". Selon le chef de l'administration militaire, un immeuble rÃ©sidentiel a notamment Ã©tÃ© endommagÃ©.  Suivez en direct les derniÃ¨res informations sur le conflit. - EN DIRECT - Guerre en Ukraine : plusieurs explosions entendues Ã  Kiev, un immeuble touchÃ© (International) - TF1 INFO";"Au moins cinq explosions ont Ã©tÃ© entendues ce lundi matin dans la capitale ukrainienne aprÃ¨s le dÃ©clenchement d'une alerte aÃ©rienne faisant Ã©tat de ""missiles vers Kiev"". Selon le chef de l'administration militaire, un immeuble rÃ©sidentiel a notamment Ã©tÃ© endommagÃ©. Suivez en direct les derniÃ¨res informations sur le conflit.

KIEV De nouvelles images de Kiev montrent des enfants courir pour se protÃ©ger des frappes en cours. EXPLOSIONS Ã€ KIEV ""Explosions dans la capitale. Aux abris en urgence !"", a Ã©crit le maire de Kiev, Vitali Klitschko, sur la messagerie Telegram, ajoutant que les services dâ€™urgence se rendent dans trois quartiers de la ville.

Au moins un immeuble rÃ©sidentiel aurait Ã©tÃ© touchÃ©e. KIEV VISEE PAR DES FRAPPES Plusieurs explosions ont Ã©tÃ© entendues lundi matin dans le centre de Kiev, juste aprÃ¨s une alerte aÃ©rienne annonÃ§ant des missiles russes en direction de la capitale ukrainienne, selon notre envoyÃ©e spÃ©ciale. Explosions Ã  Kiev : LCI sur le terrain Source : TF1 Info LCI A KIEV Depuis Kiev, notre envoyÃ©e spÃ©ciale nous raconte le retour au calme dans la capitale aprÃ¨s un weekend marquÃ© par des frappes. LCI Ã  Kiev : Moscou maintient la pression Source : TF1 Info LE POINT SUR LA SITUATION EN UKRAINE Les autoritÃ©s ukrainiennes ont affirmÃ© que l'armÃ©e russe avait frappÃ© les rÃ©gions mÃ©ridionales de MykolaÃ¯v et d'Odessa. ""L'ennemi a de nouveau attaquÃ© la rÃ©gion d'Odessa avec des drones"", a dÃ©clarÃ© le gouverneur rÃ©gional Oleg Kiper sur Telegram tÃ´t lundi. ""Les infrastructures Ã©nergÃ©tiques ont Ã©tÃ© endommagÃ©es et il n'y a pas d'Ã©lectricitÃ© dans certaines parties de (la ville) d'Odessa"", a-t-il ajoutÃ©. Onze personnes ont Ã©tÃ© blessÃ©es Ã  MykolaÃ¯v, dans le sud du pays, Ã  la suite d'une attaque russe de drones, a de son cÃ´tÃ© dÃ©clarÃ© la porte-parole de l'armÃ©e ukrainienne, Nataliya Gumenyuk, lors d'une interview Ã  la tÃ©lÃ©vision nationale.

En Russie, un incendie s'est dÃ©clarÃ© dans une importante centrale Ã©lectrique de la rÃ©gion de Rostov, a dÃ©clarÃ© le gouverneur local, Ã  la suite d'une sÃ©rie d'attaques de drones ukrainiens dans la rÃ©gion. Deux unitÃ©s de la centrale de Novocherkassk, l'une des plus grandes du sud-ouest de la Russie, ont Ã©tÃ© mises hors service, a indiquÃ© le gouverneur Vassili Goloubev, dans un message publiÃ© sur Telegram. La rÃ©gion de Rostov (sud) est limitrophe de l'Ukraine et la capitale rÃ©gionale est un centre important pour la planification des opÃ©rations militaires russes.

Les forces armÃ©es ukrainiennes ont affirmÃ© dans la matinÃ©e avoir ""rÃ©ussi Ã  toucher les navires amphibies Yamal et Azov, ainsi qu'un centre de communications et d'autres infrastructures de la Flotte russe de la mer Noire"". Des images partagÃ©es sur les rÃ©seaux sociaux montrent une grande explosion dans la ville, envoyant une boule de feu et de la fumÃ©e noire dans les airs, ainsi que ce qui semblait Ãªtre des dÃ©fenses aÃ©riennes russes interceptant des projectiles entrants. Les images satellite montrent que la Russie a dÃ©placÃ© une grande partie de sa flotte plus Ã  l'Est, vers le port de NovorossiÃ¯sk. Moscou a Ã©galement rÃ©cemment remplacÃ© son chef de la marine.

Kiev, la capitale ukrainienne, et la rÃ©gion occidentale de Lviv ont Ã©galement Ã©tÃ© la cible d'une attaque aÃ©rienne ""massive"" tÃ´t dimanche, ont indiquÃ© des responsables, mais aucune victime n'a Ã©tÃ© signalÃ©e. L'armÃ©e de l'air ukrainienne a indiquÃ© avoir abattu 18 des 29 missiles et 25 des 28 drones explosifs lancÃ©s durant la nuit. La Russie ""n'abandonne pas son objectif de dÃ©truire Kiev Ã  tout prix"", a dÃ©clarÃ© SerguiÃ¯ Popko, chef de l'administration militaire de la ville.

Face Ã  une Ukraine sur la dÃ©fensive et souffrant des retards dans l'aide occidentale supplÃ©mentaire, les forces russes cherchent Ã  accroÃ®tre leur avantage sur le champ de bataille. L'armÃ©e russe a revendiquÃ© ces derniers jours des avancÃ©es dans l'Est dans les secteurs de Tchassiv Iar, localitÃ© voisine de Bakhmout, et Ã  l'ouest d'AvdiÃ¯vka, ville dÃ©truite et conquise par les Russes en fÃ©vrier.

La Pologne, alliÃ©e et voisine de l'Ukraine, a pour sa part dÃ©clarÃ© qu'un missile de croisiÃ¨re russe dirigÃ© vers l'ouest de l'Ukraine avait violÃ© son espace aÃ©rien pendant une quarantaine de secondes, troisiÃ¨me incident de ce type depuis le dÃ©but de la guerre. Elle a annoncÃ© qu'elle allait convoquer l'ambassadeur russe. EN DIRECT Bienvenue sur ce direct consacrÃ© aux Ã©vÃ©nements en Ukraine.

AprÃ¨s avoir coulÃ© de nombreux bateaux russes depuis l'offensive lancÃ©e le 24 fÃ©vrier 2022, Kiev a revendiquÃ© un nouveau succÃ¨s en frappant deux navires russes en CrimÃ©e annexÃ©e. Les forces armÃ©es ukrainiennes ont affirmÃ© dimanche avoir ""rÃ©ussi Ã  toucher les navires amphibies Yamal et Azov, ainsi qu'un centre de communications et d'autres infrastructures de la Flotte russe de la mer Noire"". Une humiliation pour la Russie qui a dÃ» renoncer au blocus des cÃ´tes encore sous contrÃ´le ukrainien.

""Je remercie tous nos hÃ©ros (...) qui dÃ©barrassent la CrimÃ©e et la mer Noire de la prÃ©sence de l'occupant. C'est une tÃ¢che difficile, mais nos soldats l'accomplissent progressivement"", s'est fÃ©licitÃ© le prÃ©sident ukrainien Volodymyr Zelensky dans son adresse quotidienne.

Des images partagÃ©es sur les rÃ©seaux sociaux montrent une grande explosion dans la ville, envoyant une boule de feu et de la fumÃ©e noire dans les airs, ainsi que ce qui semblait Ãªtre des dÃ©fenses aÃ©riennes russes interceptant des projectiles entrants.

Le gouverneur de SÃ©bastopol, MikhaÃ¯l RazvojaÃ¯ev, a fait Ã©tat d'une attaque ""massive"" de missiles ukrainiens visant la ville. Il a prÃ©cisÃ© qu'un homme avait Ã©tÃ© tuÃ© et quatre personnes blessÃ©es sans mentionner de dommage causÃ© aux navires de guerre russes."
PrÃ©sidentielle au SÃ©nÃ©gal: dans l'attente de rÃ©sultats officiels, le camp Diomaye Faye affiche sa confiance;RFI;https://news.google.com/rss/articles/CBMipAFodHRwczovL3d3dy5yZmkuZnIvZnIvYWZyaXF1ZS8yMDI0MDMyNS1wciVDMyVBOXNpZGVudGllbGxlLWF1LXMlQzMlQTluJUMzJUE5Z2FsLWRhbnMtbC1hdHRlbnRlLWRlLXIlQzMlQTlzdWx0YXRzLW9mZmljaWVscy1sZS1jYW1wLWRpb21heWUtZmF5ZS1hZmZpY2hlLXNhLWNvbmZpYW5jZdIBAA?oc=5&hl=en-US&gl=US&ceid=US:en;Mon, 25 Mar 2024 07:11:59 GMT;PrÃ©sidentielle au SÃ©nÃ©gal: dans l'attente de rÃ©sultats officiels, le camp Diomaye Faye affiche sa confiance  RFIPrÃ©sidentielle au SÃ©nÃ©gal : l'opposant Bassirou Diomaye Faye largement en tÃªte  LibÃ©rationPrÃ©sidentielle au SÃ©nÃ©gal: clÃ´ture du scrutin, dÃ©but du dÃ©pouillement au rÃ©sultat indÃ©cis  BoursoramaPrÃ©sidentielle au SÃ©nÃ©gal : cinq candidats fÃ©licitent Diomaye Faye pour sa victoire, en attendant les rÃ©sultats officiels  Le ParisienSÃ©nÃ©gal : Faye, candidat de l'opposition, en tÃªte des premiers rÃ©sultats de l'Ã©lection prÃ©sidentielle  Zonebourse.com;;"You don't have permission to access the page you requested.

What is this page?

The website you are visiting is protected.

For security reasons this page cannot be displayed."
Faits divers. Bas-Rhin : alertes Ã  la bombe, sept Ã©tablissements scolaires fermÃ©s;DNA;https://news.google.com/rss/articles/CBMilwFodHRwczovL3d3dy5kbmEuZnIvZmFpdHMtZGl2ZXJzLWp1c3RpY2UvMjAyNC8wMy8yNS9zdHJhc2JvdXJnLWxlLWNvbGxlZ2UtbHljZWUta2xlYmVyLWZlcm1lLWFwcmVzLXVuZS1hbGVydGUtYS1sYS1ib21iZS1ldC1sZS1waXJhdGFnZS1kZS1sYS1tZXNzYWdlcmll0gEA?oc=5&hl=en-US&gl=US&ceid=US:en;Mon, 25 Mar 2024 06:55:00 GMT;Faits divers. Bas-Rhin : alertes Ã  la bombe, sept Ã©tablissements scolaires fermÃ©s  DNA - DerniÃ¨res Nouvelles d'AlsaceAlerte attentat : les Ã©lÃ¨ves du lycÃ©e Chrestien de Troyes confinÃ©s dans la cour  L'Est EclairAu lycÃ©e d'Abbeville, un retour en cours dans le calme aprÃ¨s la cyberattaque du week-end  Courrier PicardÃ‰tablissements de l'acadÃ©mie de Lille menacÃ©s: rÃ©ouverture ce lundi avec une sÃ©curitÃ© renforcÃ©e  BFM Grand LillePlusieurs lycÃ©es menacÃ©s d'attentat dans la Marne, l'Aube et les Ardennes  L'Union;Ce lundi matin dans le Bas-Rhin, pas moins de huit Ã©tablissements scolaires ont fermÃ© aprÃ¨s des alertes Ã  la bombe. Sont concernÃ©s : Strasbourg, Bischheim, Bischwiller, Molsheim, Schiltigheim, Saverne, Schirmeck.;"Le collÃ¨ge-lycÃ©e KlÃ©ber Ã  Strasbourg est restÃ© fermÃ© ce lundi matin. La direction a envoyÃ© Ã  7h40 un mail pour informer les Ã©lÃ¨ves et leurs familles que l'Ã©tablissement n'Ã©tait pas ouvert. Â« Seuls les personnels Â» sont autorisÃ©s Ã  entrer.

A lire aussi Des Ã©tablissements scolaires haut-rhinois menacÃ©s et Ã©vacuÃ©s

A l'origine de cette dÃ©cision, le piratage de la messagerie (Mon Bureau NumÃ©rique - MBN), piratage Â« utilisÃ© pour un envoi de deux messages Ã  caractÃ¨re raciste et terroriste Â», a informÃ© la direction dans ce mail. Dans le message frauduleux, il Ã©tait question d'une Â« alerte Ã  la bombe pour ce lundi 25 mars Â».

Des Ã©tablissements piratÃ©s la semaine derniÃ¨re Cet acte intervient aprÃ¨s d'autres, par centaines, en rÃ©gion parisienne, la semaine derniÃ¨re. L'Ile-de-France avait Ã©tÃ© concernÃ©e en premier, les Hauts-de-France ensuite.

Â« Une Ã©quipe de police a travaillÃ© toute la nuit avec l'aide d'un chien dÃ©tecteur d'explosifs Â». Elle est Â« en voie de sÃ©curiser l'ensemble des bÃ¢timents Â» et une prÃ©sence policiÃ¨re est assurÃ©e aux abords, a prÃ©cisÃ© la direction, toujours dans ce mÃªme mail. Marcel-Rudloff de Strasbourg et Marc-Bloch de Bischheim Ã©galement concernÃ©s A noter que la dÃ©cision du rectorat de fermer le collÃ¨ge-lycÃ©e KlÃ©ber s'applique aussi au lycÃ©e Marcel-Rudloff de Strasbourg et Marc-Bloch de Bischheim, jusqu'Ã  14h.

01 / 02



02 / 02





01 / 02



02 / 02





AndrÃ©-Maurois de Bischwiller et Henri-Meck de Molsheim Ã©vacuÃ©s

Peu avant 9h, un de nos journalistes apprenait que le lycÃ©e AndrÃ©-Maurois de Bischwiller Ã©tait Ã©galement concernÃ© : Ã  9h10, 1400 Ã©lÃ¨ves Ã©taient Ã©vacuÃ©s vers des zones de sÃ©curitÃ©, la gendarmerie et la police municipale Ã©taient sur place, alertÃ©es vers 8h30. Les cours ont Ã©tÃ© annulÃ©s pour la journÃ©e, selon le personnel Ã©ducatif sur place. Peu avant 10h, un de nos autres journalistes apprenait que la citÃ© scolaire Henri-Meck Ã©tait Ã  son tour en train d'Ãªtre Ã©vacuÃ©e, suite d'une alerte Ã  la bombe envoyÃ©e par la messagerie interne MBN [le mÃªme procÃ©dÃ© que pour le collÃ¨ge-lycÃ©e KlÃ©ber, NDLR]. Vers 10h10, tous les lycÃ©ens et collÃ©giens Ã©taient regroupÃ©s Ã  l'extÃ©rieur, le temps que les gendarmes puissent procÃ©der aux opÃ©rations de vÃ©rification. Peu aprÃ¨s 10h, la rÃ©daction apprenait que le collÃ¨ge Leclerc de Schiltigheim Ã©tait lui aussi en cours d'Ã©vacuation, Ã©galement suite Ã  une alerte Ã  la bombe ; de mÃªme que pour le lycÃ©e du Haut-Barr Ã  Saverne. A 10h30, la situation se reproduisait au collÃ¨ge de Schirmeck-La Broque."
Stages de seconde : une plateforme ouvre ce lundi pour aider les lycÃ©ens Ã  trouver une entreprise;franceinfo;https://news.google.com/rss/articles/CBMilwFodHRwczovL3d3dy5mcmFuY2V0dmluZm8uZnIvc29jaWV0ZS9lZHVjYXRpb24vZWR1Y2F0aW9uLXVuZS1wbGF0ZWZvcm1lLW91dnJlLWNlLWx1bmRpLXBvdXItYWlkZXItbGVzLWx5Y2VlbnMtZGUtc2Vjb25kZS1hLXRyb3V2ZXItdW4tc3RhZ2VfNjQ0NTg0My5odG1s0gEA?oc=5&hl=en-US&gl=US&ceid=US:en;Mon, 25 Mar 2024 06:06:04 GMT;Stages de seconde : une plateforme ouvre ce lundi pour aider les lycÃ©ens Ã  trouver une entreprise  franceinfoStage de seconde : une plateforme pour tenter de s'y retrouver  Les Ã‰chosStage obligatoire de seconde : pourquoi les professeurs et les parents s'inquiÃ¨tent  L'ExpressStage en classe de seconde : les offres accessibles sur le site 1jeune1solution dÃ¨s ce lundi  Sud OuestVÃ©ronique Blanc, conseillÃ¨re Ã©cole-entreprise du recteur de rÃ©gion acadÃ©mique IDF - 25/03  BFM Business;Les 560Â 000 Ã©lÃ¨ves de seconde gÃ©nÃ©rale et technologique doivent trouver un stage du 17 au 28 juin, mais beaucoup n'ont pas encore validÃ© de convention.;"Les 560 000 Ã©lÃ¨ves de seconde gÃ©nÃ©rale et technologique doivent trouver un stage du 17 au 28 juin, mais beaucoup n'ont pas encore validÃ© de convention.

La pÃ©riode fatidique approche Ã  grands pas. Une plateforme regroupant des offres de stage, accessible via le site 1jeune1solution, ouvre lundi 25 mars pour les lycÃ©ens de seconde en prÃ©vision du stage obligatoire prÃ©vu en juin.

Cette plateforme doit aider les quelque 560 000 lycÃ©ens concernÃ©s, en filiÃ¨res gÃ©nÃ©rale et technologique, Ã  pallier le manque d'offres. A l'initiative de Gabriel Attal, lorsqu'il Ã©tait ministre de l'Education, la pÃ©riode du 17 au 28 juin sera consacrÃ©e aux Ã©preuves du bac pour les classes de premiÃ¨re et de terminale et Ã  ""un stage en milieu professionnel"" pour les secondes, pour ""approfondir leur dÃ©couverte des mÃ©tiers, mieux prÃ©parer et affermir leurs choix d'orientation"", explique le ministÃ¨re.

Mais Ã  moins de trois mois de l'Ã©chÃ©ance, de nombreux lycÃ©ens n'ont pas encore validÃ© de convention de stage, ni mÃªme, pour certains, encore commencÃ© Ã  chercher. A Lille, Florence Delannoy, proviseure du lycÃ©e Montebello, fait un rapide calcul : ""Sur 460 Ã©lÃ¨ves de seconde, je n'ai Ã  ce jour que 20 conventions signÃ©es, c'est trÃ¨s faible"", regrette la cheffe d'Ã©tablissement, syndiquÃ©e au SNPDEN-Unsa. Pour elle, il est ""dommage que la plateforme n'ouvre que fin mars, c'est trop tard"".

""Les jeux de l'orientation sont faits""

InterrogÃ© par l'AFP, le ministÃ¨re de l'Education n'a pas communiquÃ© le nombre d'offres disponibles sur cette plateforme. D'autres remettent en question ""l'intÃ©rÃªt pÃ©dagogique"" de ce stage. ""Fin juin, ces Ã©lÃ¨ves auront dÃ©jÃ  fait le choix de leurs spÃ©cialitÃ©s pour l'annÃ©e de premiÃ¨re, les jeux de l'orientation sont faits"", dÃ©plore Karile Richard, proviseure du lycÃ©e Turgot Ã  Paris. ""Tout Ã§a est un non-sens"", lÃ¢che cette syndiquÃ©e ID-FO.

Et que se passera-t-il si un Ã©lÃ¨ve ne trouve pas de stage ? ""L'Ã©lÃ¨ve est accueilli dans son Ã©tablissement"" et ""bÃ©nÃ©ficie de solutions en ligne de dÃ©couverte des environnements professionnels et y effectue des recherches documentaires pour prÃ©ciser ou parfaire son projet d'orientation"", peut-on lire sur le site de l'Education nationale. ""Impossible"", tranche Karile Richard. ""C'est une pÃ©riode rouge oÃ¹ tout le lycÃ©e est monopolisÃ© sur les examens du bac, avec les Ã©preuves Ã©crites et orales, donc pas de temps pour gÃ©rer des secondes sans stage""."
Agriculture : un projet de loi remaniÃ© qui conforte le modÃ¨le productiviste;Le Monde;https://news.google.com/rss/articles/CBMijgFodHRwczovL3d3dy5sZW1vbmRlLmZyL2Vjb25vbWllL2FydGljbGUvMjAyNC8wMy8yNS9hZ3JpY3VsdHVyZS11bi1wcm9qZXQtZGUtbG9pLXJlbWFuaWUtcXVpLWNvbmZvcnRlLWxlLW1vZGVsZS1wcm9kdWN0aXZpc3RlXzYyMjQwMjZfMzIzNC5odG1s0gEA?oc=5&hl=en-US&gl=US&ceid=US:en;Mon, 25 Mar 2024 04:21:46 GMT;Agriculture : un projet de loi remaniÃ© qui conforte le modÃ¨le productiviste  Le MondeQuetigny. Un apÃ©ro dÃ©bat sur les problÃ¨mes du monde agricole prÃ©vu ce mercredi  Le Bien PublicLa France au seuil de sa TroisiÃ¨me rÃ©volution agricole  Ouest-FranceÂ«Les champs des possiblesÂ» : on vous prÃ©sente le poster de Vert sur l'agriculture  VertDÃ©bat : Jusqu'ou faut-il revoir le modÃ¨le Ã©conomique de notre agriculture ?  RTBF;Le texte devrait Ãªtre prÃ©sentÃ© en conseil des ministres vendredi 29Â mars. AprÃ¨s le mouvement de colÃ¨re des agriculteurs en janvier, la souverainetÃ© alimentaire sâ€™impose dÃ©sormais en prÃ©ambule.;"Le premier ministre, Gabriel Attal, et le ministre dÃ©lÃ©guÃ© au commerce extÃ©rieur, Franck Riester (Ã  gauche), lors de leur visite Ã  la 55áµ‰ Ã©dition de la Foire aux fromages et aux vins Ã  Coulommiers (Seine-et-Marne), le 22 mars 2024. EMMANUEL DUNAND / AFP

La colÃ¨re agricole est passÃ©e par lÃ . Sous la pression, le gouvernement a revu sa copie et rÃ©Ã©crit le projet de loi dâ€™orientation et dâ€™avenir agricole, une promesse de campagne dâ€™Emmanuel Macron, rÃ©itÃ©rÃ©e en septembre 2022 et considÃ©rÃ©e comme un temps fort de son second quinquennat. AprÃ¨s de longues concertations et maints reports, le texte remaniÃ©, dÃ©sormais baptisÃ© Â« Projet de loi dâ€™orientation pour la souverainetÃ© agricole et le renouvellement des gÃ©nÃ©rations en agriculture Â», devrait Ãªtre prÃ©sentÃ© en conseil des ministres vendredi 29 mars. Le Parlement devrait ensuite sâ€™en saisir le 13 mai.

Lire notre Ã©ditorial | Agriculture : un dÃ©bat impossible et pourtant indispensable Ajouter Ã  vos sÃ©lections

Le gouvernement a soumis son projet de loi au Conseil dâ€™Etat fin fÃ©vrier et a menÃ© des discussions avec les reprÃ©sentants agricoles Ã  ce sujet. Si ce texte ne prÃ©juge pas de la version dÃ©finitive â€“ il pourrait Ãªtre amendÃ© Ã  la suite de son examen par la juridiction administrative â€“, il donne toutefois des signes clairs de ses orientations.

Premier constat : la nouvelle mouture a Ã©tÃ© complÃ©tÃ©e par rapport Ã  la version que devait prÃ©senter le ministre de lâ€™agriculture, Marc Fesneau, en janvier, mÃªme si elle maintient lâ€™objectif initial de relever deux dÃ©fis de taille, celui du changement climatique et de la prÃ©servation de la biodiversitÃ©, dâ€™une part, et celui du renouvellement des gÃ©nÃ©rations, dâ€™autre part.

Elle ne manque dâ€™ailleurs pas de souligner que dans dix ans, un tiers des agricultrices et des agriculteurs seront en Ã¢ge de partir Ã  la retraite. Sans toutefois fixer dâ€™objectif de nombre dâ€™installations. Les nouveaux articles viennent complÃ©ter les dispositions de formation des futurs agriculteurs et de renforcement de lâ€™accompagnement des transmissions et des installations dÃ©jÃ  prÃ©sentÃ©es.

Â« La dÃ©fense des intÃ©rÃªts fondamentaux de la nation Â»

DÃ©sormais, câ€™est la souverainetÃ© alimentaire qui sâ€™impose en prÃ©ambule du projet de loi qui doit Â« Ã©riger cet impÃ©ratif comme lâ€™une des prioritÃ©s stratÃ©giques de nos politiques publiques Â». Lors de lâ€™inauguration du Salon de lâ€™agriculture, le 24 fÃ©vrier, M. Macron sâ€™Ã©tait engagÃ© Ã  Â« reconnaÃ®tre [lâ€™]agriculture et [lâ€™]alimentation comme un intÃ©rÃªt gÃ©nÃ©ral majeur de la nation franÃ§aise. Ce sera inscrit dans la loi. Ce qui permettra de protÃ©ger [lâ€™]agriculture [de la France] de maniÃ¨re ferme et solide Â».

Lire aussi | Article rÃ©servÃ© Ã  nos abonnÃ©s Le Salon de lâ€™agriculture, champ de bataille des Ã©lections europÃ©ennes Ajouter Ã  vos sÃ©lections

Câ€™est chose faite dans lâ€™article 1 qui dispose que Â« lâ€™agriculture, la pÃªche, lâ€™aquaculture et lâ€™alimentation sont dâ€™intÃ©rÃªt gÃ©nÃ©ral majeur en tant quâ€™elles garantissent la souverainetÃ© alimentaire, qui contribue Ã  la dÃ©fense des intÃ©rÃªts fondamentaux de la nation Â».

Il vous reste 59.43% de cet article Ã  lire. La suite est rÃ©servÃ©e aux abonnÃ©s."
Ã‰pisode mÃ©diterranÃ©en : fortes pluies, grosses rafales de ventâ€¦ Ã  quoi s'attendre Ã  partir de ce lundi ?;Midi Libre;https://news.google.com/rss/articles/CBMikgFodHRwczovL3d3dy5taWRpbGlicmUuZnIvMjAyNC8wMy8yNS9lcGlzb2RlLW1lZGl0ZXJyYW5lZW4tZm9ydGVzLXBsdWllcy1ncm9zc2VzLXJhZmFsZXMtZGUtdmVudC1hLXF1b2ktc2F0dGVuZHJlLWEtcGFydGlyLWRlLWNlLWx1bmRpLTExODQ2OTk0LnBocNIBAA?oc=5&hl=en-US&gl=US&ceid=US:en;Mon, 25 Mar 2024 05:01:00 GMT;"Ã‰pisode mÃ©diterranÃ©en : fortes pluies, grosses rafales de ventâ€¦ Ã  quoi s'attendre Ã  partir de ce lundi ?  Midi LibreAlerte MÃ©tÃ©o : IntempÃ©ries au sud : fortes pluies, vent violent et neige en montagne  La ChaÃ®ne MÃ©tÃ©oLundi 25 mars 2024 : une trÃ¨s forte dÃ©gradation des conditions mÃ©tÃ©o attendue en France. Quelles rÃ©gions concernÃ©es ?  Tameteo.comÃ‰pisode mÃ©diterranÃ©en : des averses et de fortes rafales sur le Languedoc mardi, l'HÃ©rault en alerte orange vagues-submersion  LaDepeche.frLe dÃ©partement de l'HÃ©rault placÃ© en vigilance orange ""vagues-submersion"" pour mardi  franceinfo";Encore une fois, la cinquiÃ¨me depuis dÃ©but fÃ©vrier, un Ã©pisode mÃ©diterranÃ©en est annoncÃ© pour ce mardiÂ 26 et ce mercredi 27Â mars 2024. Ã€ quoi faut-il sâ€™attendre et quelles...;"Encore une fois, la cinquiÃ¨me depuis dÃ©but fÃ©vrier, un Ã©pisode mÃ©diterranÃ©en est annoncÃ© pour ce mardi 26 et ce mercredi 27 mars 2024. Ã€ quoi faut-il sâ€™attendre et quelles seront les zones les plus touchÃ©es ?

Ã€ partir de ce lundi soir, les premiÃ¨res pluies, voire quelques averses, feront leur apparition sur les CÃ©vennes, le Gard et lâ€™HÃ©rault oÃ¹ elles seront assez rÃ©guliÃ¨res jusquâ€™en cours de nuit suivante, en Ã©tant faibles/modÃ©rÃ©es.

Mais Ã  partir de mardi, lâ€™Ã©pisode cÃ©venol deviendra beaucoup plus important, notamment dans le quart Sud-Est, selon MÃ©tÃ©o-France.

Ã€ quoi sâ€™attendre ?

De fortes pluies Ã  caractÃ¨res orageux ""assez ordinaires"" accompagnÃ©es de fortes rafales sont Ã  prÃ©voir en Occitanie de mardi Ã  mercredi. Notamment sur lâ€™Est de lâ€™HÃ©rault, le Gard, les CÃ©vennes et la LozÃ¨re.

Les pluies seront surtout plus durables et soutenues Ã  lâ€™intÃ©rieur du Gard et dans lâ€™Est HÃ©rault ainsi quâ€™en CÃ©vennes quâ€™elles sont les plus durables et soutenues.

De la neige est Ã©galement Ã  prÃ©voir sur nos reliefs. De fortes chutes sont dâ€™ailleurs attendues sur les Alpes du Sud entre 2 000 et 1 600 mÃ¨tres, selon La ChaÃ®ne MÃ©tÃ©o.

En milieu de journÃ©e ce mercredi, lâ€™instabilitÃ© continuera doucement son chemin vers lâ€™Italie.

Un nouvel Ã©pisode attendu Ã  PÃ¢ques ?

Cet Ã©pisode mÃ©diterranÃ©en/cÃ©venol sera ordinaire en intensitÃ©, mais apportera des cumuls assez consÃ©quents : 40 Ã  60 mm sur les plaines intÃ©rieures de lâ€™Est de lâ€™HÃ©rault et du Gard et prÃ¨s de 100 mm sur les CÃ©vennes.

Les PyrÃ©nÃ©es-Orientales et lâ€™Aude seront arrosÃ©es mais pas par les prÃ©cipitations les plus fortes malheureusement. Le Roussillon continue de souffrir de la sÃ©cheresse. Depuis le 1er septembre 2023, les PyrÃ©nÃ©es-Orientales ont enregistrÃ© seulement 228 mm de pluie et lâ€™Aude 290 mm, selon MÃ©tÃ©o France.

Un nouvel Ã©pisode cÃ©venol plus fort est potentiellement attendu autour de la pÃ©riode de PÃ¢ques."
Darmanin promet de Â« taper trÃ¨s fort Â» : plusieurs opÃ©rations Â« XXL Â» anti-drogue lancÃ©es ce lundi en France;Le Parisien;https://news.google.com/rss/articles/CBMikAFodHRwczovL3d3dy5sZXBhcmlzaWVuLmZyL2ZhaXRzLWRpdmVycy9wbHVzaWV1cnMtb3BlcmF0aW9ucy14eGwtYW50aS1kcm9ndWUtbGFuY2Vlcy1jZS1sdW5kaS1lbi1mcmFuY2UtMjUtMDMtMjAyNC1OREhINFU3QU1GRllMSERKUzNGNUFVU0ZCVS5waHDSAQA?oc=5&hl=en-US&gl=US&ceid=US:en;Mon, 25 Mar 2024 06:51:00 GMT;"Darmanin promet de Â« taper trÃ¨s fort Â» : plusieurs opÃ©rations Â« XXL Â» anti-drogue lancÃ©es ce lundi en France  Le ParisienTrafics de drogue: de nouvelles opÃ©rations ""place nette XXL"" lancÃ©es dans plusieurs villes de France  Yahoo ActualitÃ©sMarseille: l'opÃ©ration ""place nette XXL"" se poursuit, un point de deal dÃ©mantelÃ© Ã  la citÃ© ChÃ¢teau...  BFM MarseilleÃ€ La Castellane, une semaine aprÃ¨s la visite de Macron, la police maintient la pression  Le FigaroLutte contre le trafic de drogue : ""plusieurs"" opÃ©rations ""place nette XXL"" menÃ©es en France ce lundi matin  France Bleu";Ã€ Marseille la semaine derniÃ¨re, Emmanuel Macron avait dÃ©clarÃ© quâ€™il ferait Â«Â tout pour lutter contreÂ Â» les trafics de drogue, et promis des opÃ©rations Â«Â place netteÂ Â» dans une dizaine de villes de France.;"Le ministre de lâ€™IntÃ©rieur GÃ©rald Darmanin a annoncÃ© que plusieurs opÃ©rations Â« XXL Â» contre la drogue avaient Ã©tÃ© lancÃ©es ce lundi en France. Une est en cours dans la mÃ©tropole lilloise, oÃ¹ le ministre va se rendre dans la matinÃ©e. Â« Notre combat contre la drogue et les dealers est total Â», Ã©crit-il sur le rÃ©seau social X, Â« nous allons dÃ©sormais multiplier les opÃ©rations que nous avons prÃ©parÃ©es pendant des mois pour taper trÃ¨s fort. Â»

Au total, Â« trois Â» nouvelles opÃ©rations dâ€™envergure de ce type vont Ãªtre lancÃ©es, dont une Ã  Dijon, selon une source policiÃ¨re Ã  lâ€™AFP.

Plusieurs opÃ©rations Â« place nette Â» annoncÃ©es

Cette dÃ©claration intervient prÃ¨s dâ€™une semaine aprÃ¨s les promesses lancÃ©es Ã  Marseille par le prÃ©sident Emmanuel Macron, qui annonÃ§ait des opÃ©rations Â« place nette Â» dans une Â« dizaine Â» de villes en France. Â« Oui la drogue est notre ennemie Â» et Â« nous ferons tout pour lutter contre Â», avait martelÃ© le chef de lâ€™Ã‰tat.

La police nationale a ainsi annoncÃ© ce week-end des interventions anti-drogue Ã  Montargis (Loiret) ou encore Ã  Digne-les-Bains (Alpes-de-Haute-Provence).

#OpÃ©rationPlaceNette | ğŸ“ Montargis (45). Pendant 3 jours, les #policiers du Loiret, avec lâ€™appui de la CRS8 et des diffÃ©rents services de lâ€™Ã‰tat, Ã©taient engagÃ©s dans le cadre dâ€™une opÃ©ration de lutte anti-stupÃ©fiants. ğŸ‘‰ 150 personnes contrÃ´lÃ©es ğŸ‘‰ PrÃ¨s de 2kg de stupÃ©fiants, 3â€¦ pic.twitter.com/WSM7B5xJQS â€” Police nationale (@PoliceNationale) March 23, 2024"
